<application>
  <component name="DockerRegistry">
    <DockerRegistry email="a.benevaut@creads.org">
      <option name="address" value="quay.io" />
      <option name="name" value="quay.io" />
      <option name="username" value="a_benevaut" />
    </DockerRegistry>
    <DockerRegistry email="a.benevaut@creads.org">
      <option name="address" value="registry.hub.docker.com" />
      <option name="name" value="Docker hub" />
      <option name="username" value="antbenevaut" />
    </DockerRegistry>
  </component>
</application>