<application>
  <component name="FileTypeManager" version="17">
    <extensionMap>
      <mapping pattern=".gitignore_global" type="Git file" />
      <mapping pattern="sdfsdf" type="PLAIN_TEXT" />
      <mapping pattern="08-www_creads_TLD-wp-admin-ips-restriction" type="PLAIN_TEXT" />
      <mapping pattern=".nvmrc" type="PLAIN_TEXT" />
      <mapping pattern="remote_syslog" type="PLAIN_TEXT" />
      <mapping pattern="deploy-cms.md" type="PLAIN_TEXT" />
      <mapping pattern=".rocket_critical_css_generation_process_cancelled" type="PLAIN_TEXT" />
      <mapping pattern="CHANGELOG" type="PLAIN_TEXT" />
      <mapping pattern=".gitkeep" type="PLAIN_TEXT" />
      <mapping pattern="CODEOWNERS" type="PLAIN_TEXT" />
      <mapping pattern="CHANGELOGS" type="PLAIN_TEXT" />
      <mapping ext="mo" type="PLAIN_TEXT" />
      <mapping ext="enc" type="PLAIN_TEXT" />
    </extensionMap>
  </component>
</application>