<application>
  <component name="MessDetector">
    <phpmd_settings_migrated />
  </component>
  <component name="PhpCodeSniffer">
    <phpcs_settings_migrated />
  </component>
  <component name="PhpInterpreters">
    <interpreters>
      <interpreter id="b8a26a96-6ae9-43fc-92dd-e9ebfc1047c2" name="PHP 7.1" home="$USER_HOME$/.phpbrew/php/php-7.1.29/bin/php" debugger_id="php.debugger.XDebug" />
      <interpreter id="d236492b-3239-4674-9701-494471c13d82" name="PHP 7.2" home="$USER_HOME$/.phpbrew/php/php-7.2.18/bin/php" debugger_id="php.debugger.XDebug" />
      <interpreter id="d405fc33-86d7-4aec-8a64-636a997e2338" name="PHP 7.3" home="$USER_HOME$/.phpbrew/php/php-7.3.5/bin/php" debugger_id="php.debugger.XDebug" />
    </interpreters>
  </component>
  <component name="PhpInterpretersPhpInfoCache">
    <phpInfoCache>
      <interpreter name="PHP 7.3">
        <phpinfo binary_type="PHP" php_cgi="$USER_HOME$/.phpbrew/php/php-7.3.5/bin/php-cgi" php_cli="$USER_HOME$/.phpbrew/php/php-7.3.5/bin/php" path_separator=":" version="7.3.5">
          <additional_php_ini>$USER_HOME$/.phpbrew/php/php-7.3.5/var/db/exif.ini, /Users/a.benevaut/.phpbrew/php/php-7.3.5/var/db/gd.ini, /Users/a.benevaut/.phpbrew/php/php-7.3.5/var/db/gmp.ini, /Users/a.benevaut/.phpbrew/php/php-7.3.5/var/db/imagick.ini, /Users/a.benevaut/.phpbrew/php/php-7.3.5/var/db/intl.ini, /Users/a.benevaut/.phpbrew/php/php-7.3.5/var/db/soap.ini, /Users/a.benevaut/.phpbrew/php/php-7.3.5/var/db/xdebug.ini</additional_php_ini>
          <configuration_file>$USER_HOME$/.phpbrew/php/php-7.3.5/etc/php.ini</configuration_file>
          <configuration_options>
            <configuration_option name="include_path" value=".:/Users/a.benevaut/.phpbrew/php/php-7.3.5/lib/php/pear" />
          </configuration_options>
          <debuggers>
            <debugger_info debugger="xdebug" debugger_version="2.7.1">
              <debug_extensions />
            </debugger_info>
          </debuggers>
          <loaded_extensions>
            <extension name="Core" />
            <extension name="PDO" />
            <extension name="Phar" />
            <extension name="Reflection" />
            <extension name="SPL" />
            <extension name="SimpleXML" />
            <extension name="bcmath" />
            <extension name="bz2" />
            <extension name="calendar" />
            <extension name="ctype" />
            <extension name="curl" />
            <extension name="date" />
            <extension name="dom" />
            <extension name="exif" />
            <extension name="fileinfo" />
            <extension name="filter" />
            <extension name="gd" />
            <extension name="gmp" />
            <extension name="hash" />
            <extension name="imagick" />
            <extension name="intl" />
            <extension name="json" />
            <extension name="libxml" />
            <extension name="mbstring" />
            <extension name="mysqli" />
            <extension name="mysqlnd" />
            <extension name="openssl" />
            <extension name="pcntl" />
            <extension name="pcre" />
            <extension name="pdo_mysql" />
            <extension name="pdo_sqlite" />
            <extension name="posix" />
            <extension name="readline" />
            <extension name="session" />
            <extension name="shmop" />
            <extension name="soap" />
            <extension name="sockets" />
            <extension name="sqlite3" />
            <extension name="standard" />
            <extension name="sysvmsg" />
            <extension name="sysvsem" />
            <extension name="sysvshm" />
            <extension name="tokenizer" />
            <extension name="xdebug" />
            <extension name="xml" />
            <extension name="xmlreader" />
            <extension name="xmlwriter" />
            <extension name="xsl" />
            <extension name="zip" />
            <extension name="zlib" />
          </loaded_extensions>
        </phpinfo>
      </interpreter>
      <interpreter name="PHP 7.1">
        <phpinfo binary_type="PHP" php_cgi="$USER_HOME$/.phpbrew/php/php-7.1.29/bin/php-cgi" php_cli="$USER_HOME$/.phpbrew/php/php-7.1.29/bin/php" path_separator=":" version="7.1.29">
          <additional_php_ini>$USER_HOME$/.phpbrew/php/php-7.1.29/var/db/exif.ini, /Users/a.benevaut/.phpbrew/php/php-7.1.29/var/db/gd.ini, /Users/a.benevaut/.phpbrew/php/php-7.1.29/var/db/gmp.ini, /Users/a.benevaut/.phpbrew/php/php-7.1.29/var/db/imagick.ini, /Users/a.benevaut/.phpbrew/php/php-7.1.29/var/db/intl.ini, /Users/a.benevaut/.phpbrew/php/php-7.1.29/var/db/soap.ini, /Users/a.benevaut/.phpbrew/php/php-7.1.29/var/db/xdebug.ini</additional_php_ini>
          <configuration_file>$USER_HOME$/.phpbrew/php/php-7.1.29/etc/php.ini</configuration_file>
          <configuration_options>
            <configuration_option name="include_path" value=".:/Users/a.benevaut/.phpbrew/php/php-7.1.29/lib/php/pear" />
          </configuration_options>
          <debuggers>
            <debugger_info debugger="xdebug" debugger_version="2.7.1">
              <debug_extensions />
            </debugger_info>
          </debuggers>
          <loaded_extensions>
            <extension name="Core" />
            <extension name="PDO" />
            <extension name="Phar" />
            <extension name="Reflection" />
            <extension name="SPL" />
            <extension name="SimpleXML" />
            <extension name="bcmath" />
            <extension name="bz2" />
            <extension name="calendar" />
            <extension name="ctype" />
            <extension name="curl" />
            <extension name="date" />
            <extension name="dom" />
            <extension name="exif" />
            <extension name="fileinfo" />
            <extension name="filter" />
            <extension name="gd" />
            <extension name="gmp" />
            <extension name="hash" />
            <extension name="imagick" />
            <extension name="intl" />
            <extension name="json" />
            <extension name="libxml" />
            <extension name="mbstring" />
            <extension name="mcrypt" />
            <extension name="mysqli" />
            <extension name="mysqlnd" />
            <extension name="openssl" />
            <extension name="pcntl" />
            <extension name="pcre" />
            <extension name="pdo_mysql" />
            <extension name="pdo_sqlite" />
            <extension name="posix" />
            <extension name="readline" />
            <extension name="session" />
            <extension name="shmop" />
            <extension name="soap" />
            <extension name="sockets" />
            <extension name="sqlite3" />
            <extension name="standard" />
            <extension name="sysvmsg" />
            <extension name="sysvsem" />
            <extension name="sysvshm" />
            <extension name="tokenizer" />
            <extension name="xdebug" />
            <extension name="xml" />
            <extension name="xmlreader" />
            <extension name="xmlwriter" />
            <extension name="xsl" />
            <extension name="zip" />
            <extension name="zlib" />
          </loaded_extensions>
        </phpinfo>
      </interpreter>
      <interpreter name="PHP 7.2">
        <phpinfo binary_type="PHP" php_cgi="$USER_HOME$/.phpbrew/php/php-7.2.18/bin/php-cgi" php_cli="$USER_HOME$/.phpbrew/php/php-7.2.18/bin/php" path_separator=":" version="7.2.18">
          <additional_php_ini>$USER_HOME$/.phpbrew/php/php-7.2.18/var/db/exif.ini, /Users/a.benevaut/.phpbrew/php/php-7.2.18/var/db/gd.ini, /Users/a.benevaut/.phpbrew/php/php-7.2.18/var/db/gmp.ini, /Users/a.benevaut/.phpbrew/php/php-7.2.18/var/db/imagick.ini, /Users/a.benevaut/.phpbrew/php/php-7.2.18/var/db/intl.ini, /Users/a.benevaut/.phpbrew/php/php-7.2.18/var/db/soap.ini, /Users/a.benevaut/.phpbrew/php/php-7.2.18/var/db/xdebug.ini</additional_php_ini>
          <configuration_file>$USER_HOME$/.phpbrew/php/php-7.2.18/etc/php.ini</configuration_file>
          <configuration_options>
            <configuration_option name="include_path" value=".:/Users/a.benevaut/.phpbrew/php/php-7.2.18/lib/php/pear" />
          </configuration_options>
          <debuggers>
            <debugger_info debugger="xdebug" debugger_version="2.7.1">
              <debug_extensions />
            </debugger_info>
          </debuggers>
          <loaded_extensions>
            <extension name="Core" />
            <extension name="PDO" />
            <extension name="Phar" />
            <extension name="Reflection" />
            <extension name="SPL" />
            <extension name="SimpleXML" />
            <extension name="bcmath" />
            <extension name="bz2" />
            <extension name="calendar" />
            <extension name="ctype" />
            <extension name="curl" />
            <extension name="date" />
            <extension name="dom" />
            <extension name="exif" />
            <extension name="fileinfo" />
            <extension name="filter" />
            <extension name="gd" />
            <extension name="gmp" />
            <extension name="hash" />
            <extension name="imagick" />
            <extension name="intl" />
            <extension name="json" />
            <extension name="libxml" />
            <extension name="mbstring" />
            <extension name="mysqli" />
            <extension name="mysqlnd" />
            <extension name="openssl" />
            <extension name="pcntl" />
            <extension name="pcre" />
            <extension name="pdo_mysql" />
            <extension name="pdo_sqlite" />
            <extension name="posix" />
            <extension name="readline" />
            <extension name="session" />
            <extension name="shmop" />
            <extension name="soap" />
            <extension name="sockets" />
            <extension name="sqlite3" />
            <extension name="standard" />
            <extension name="sysvmsg" />
            <extension name="sysvsem" />
            <extension name="sysvshm" />
            <extension name="tokenizer" />
            <extension name="xdebug" />
            <extension name="xml" />
            <extension name="xmlreader" />
            <extension name="xmlwriter" />
            <extension name="xsl" />
            <extension name="zip" />
            <extension name="zlib" />
          </loaded_extensions>
        </phpinfo>
      </interpreter>
    </phpInfoCache>
  </component>
</application>